{"beta": 0.48494066035206923, "Mmax": 0.07643519195865595, "fmax": 4.6546491794438385}